id,first_name,last_name,email,gender,ip_address
1,Louella,Beswick,lbeswick0@usatoday.com,Genderqueer,127.245.252.247
2,Arni,Judd,ajudd1@list-manage.com,Male,71.204.244.13
3,Philip,Julian,pjulian2@gizmodo.com,Genderfluid,48.122.100.43
4,Alic,Lafferty,alafferty3@wikipedia.org,Male,189.51.109.69
5,Katy,Panting,kpanting4@ebay.co.uk,Female,9.228.239.249
6,Fidelia,Seifenmacher,fseifenmacher5@xing.com,Genderqueer,201.46.82.79
7,Tomas,Fabry,tfabry6@ibm.com,Genderqueer,13.15.122.31
8,Filippa,Phibb,fphibb7@timesonline.co.uk,Genderfluid,156.146.187.38
9,Allene,Diegan,adiegan8@toplist.cz,Genderfluid,203.165.237.137
10,Gabriel,Tivolier,gtivolier9@webeden.co.uk,Genderqueer,0.116.159.7
